{
  "Hugo GET Book" : {
    "transaction" : "Hugo GET Book",
    "sampleCount" : 20,
    "errorCount" : 0,
    "errorPct" : 0.0,
    "meanResTime" : 261.6000000000001,
    "medianResTime" : 202.0,
    "minResTime" : 169.0,
    "maxResTime" : 801.0,
    "pct1ResTime" : 586.2000000000007,
    "pct2ResTime" : 791.7999999999998,
    "pct3ResTime" : 801.0,
    "throughput" : 6.837606837606837,
    "receivedKBytesPerSec" : 25.927483974358974,
    "sentKBytesPerSec" : 1.1959134615384617
  },
  "Total" : {
    "transaction" : "Total",
    "sampleCount" : 20,
    "errorCount" : 0,
    "errorPct" : 0.0,
    "meanResTime" : 261.6000000000001,
    "medianResTime" : 202.0,
    "minResTime" : 169.0,
    "maxResTime" : 801.0,
    "pct1ResTime" : 586.2000000000007,
    "pct2ResTime" : 791.7999999999998,
    "pct3ResTime" : 801.0,
    "throughput" : 6.837606837606837,
    "receivedKBytesPerSec" : 25.927483974358974,
    "sentKBytesPerSec" : 1.1959134615384617
  }
}