{
  "Total" : {
    "transaction" : "Total",
    "sampleCount" : 4,
    "errorCount" : 0,
    "errorPct" : 0.0,
    "meanResTime" : 645.75,
    "medianResTime" : 647.0,
    "minResTime" : 192.0,
    "maxResTime" : 1097.0,
    "pct1ResTime" : 1097.0,
    "pct2ResTime" : 1097.0,
    "pct3ResTime" : 1097.0,
    "throughput" : 3.0840400925212026,
    "receivedKBytesPerSec" : 3.2617338087895145,
    "sentKBytesPerSec" : 0.53910466461064
  },
  "Hugo - Get Book" : {
    "transaction" : "Hugo - Get Book",
    "sampleCount" : 4,
    "errorCount" : 0,
    "errorPct" : 0.0,
    "meanResTime" : 645.75,
    "medianResTime" : 647.0,
    "minResTime" : 192.0,
    "maxResTime" : 1097.0,
    "pct1ResTime" : 1097.0,
    "pct2ResTime" : 1097.0,
    "pct3ResTime" : 1097.0,
    "throughput" : 3.0840400925212026,
    "receivedKBytesPerSec" : 3.2617338087895145,
    "sentKBytesPerSec" : 0.53910466461064
  }
}